pays;ISO_A3;revenu_niveau;transition_demo;transition_epi;continent;sous_region;latitude;longitude;esperance_vie;annees_scolarite_moyenne;rnb_habitant;ind_dev_genre;annees_scolarite_femmes;annees_scolarite_hommes;rnb_habitant_femmes;rnb_habitant_hommes;parlement_femmes;diplome_secondaire_femmes;diplome_secondaire_hommes;participation_travail_femmes;croissance_pop;pop_urbaine;age_median;taux_fertilite;immunisation_dtp;immunisation_rougeole;mortalite_infantile;mortalite_moins_cinq_ans;deces_tuberculose;vih_prevalence;esperance_vie_59_ans;medecins;depenses_sante_pib;emploi_population;participation_travail;emploi_agriculture;emploi_services;chomage_total;chomage_jeunes;chomage_jeunes_inactifs;pensions_vieillesse;inegalite_esperance_vie;ind_inegalite_esperance_vie;travail_enfants;conge_maternite
Norway;NOR;Revenu élevé;Phase 4;Phase 4;Europe;Europe du Nord;79.8486;22.6903;81.7;12.7;67614.0;0.993;12.8;12.7;59800.0;75314.0;39.6;96.1;94.6;61.2;1.3;80.5;39.1;1.8;1.0;6.0;2.0;2.6;0.2;;23.9;42.8;8.3;62.2;64.9;2.1;77.0;4.1;10.1;5.5;100.0;3.3;0.918;;
Australia;AUS;Revenu élevé;Phase 4;Phase 4;Océanie;Australie;-24.915;133.076;82.5;13.2;42822.0;0.978;13.4;13.0;34271.0;51386.0;30.5;91.4;91.5;58.6;1.6;89.4;37.5;1.9;8.0;7.0;3.0;3.8;0.2;0.2;24.9;32.7;6.3;60.7;64.7;2.6;69.5;6.3;13.5;9.8;83.0;4.3;0.921;;
Switzerland;CHE;Revenu élevé;Phase 4;Phase 4;Europe;Europe de l'Ouest;46.8119;8.427;83.1;13.4;56364.0;0.974;13.3;13.5;46798.0;66116.0;28.9;96.1;97.4;62.7;1.2;73.9;42.3;1.5;2.0;7.0;3.4;3.9;0.1;;25.0;40.5;7.7;65.7;68.7;3.2;73.9;4.3;7.0;7.3;100.0;3.8;0.934;;98.0
Germany;DEU;Revenu élevé;Phase 4;Phase 4;Europe;Europe de l'Ouest;51.1135;10.5197;81.1;13.2;45000.0;0.964;12.9;13.6;35878.0;54440.0;36.9;96.4;97.0;54.5;0.1;75.3;46.2;1.4;2.0;3.0;3.1;3.7;0.4;;23.5;38.9;8.7;57.6;60.3;1.3;70.4;4.6;7.1;6.4;100.0;3.7;0.905;;98.0
Denmark;DNK;Revenu élevé;Phase 4;Phase 4;Europe;Europe du Nord;56.2612;9.24882;80.4;12.7;44519.0;0.970;12.6;12.9;36857.0;52293.0;37.4;89.1;98.5;58.0;0.4;87.7;41.6;1.7;4.0;10.0;2.9;3.5;0.4;;22.8;34.9;9.2;58.1;62.0;2.3;78.0;6.3;10.8;5.8;100.0;3.8;0.894;;126.0
Singapore;SGP;Revenu élevé;Phase 4;Phase 4;Asie;Asie du Sud-Est;1.35432;103.825;83.2;11.6;78162.0;0.985;11.1;12.1;60787.0;96001.0;23.9;75.5;81.9;58.2;2.0;100.0;40.0;1.2;2.0;5.0;2.1;2.7;1.0;;25.1;19.5;2.1;65.0;67.2;;70.6;3.3;7.3;18.9;0.0;3.0;0.943;;105.0
Netherlands;NLD;Revenu élevé;Phase 4;Phase 4;Europe;Europe de l'Ouest;52.1079;5.5341;81.7;11.9;46326.0;0.946;11.6;12.2;30117.0;62773.0;36.4;86.2;90.3;57.5;0.4;90.5;42.7;1.8;2.0;4.0;3.2;3.8;0.1;;23.8;28.6;9.5;59.9;63.8;2.0;75.3;6.1;8.8;5.0;100.0;3.7;0.914;;112.0
Ireland;IRL;Revenu élevé;Phase 4;Phase 4;Europe;Europe de l'Ouest;53.4161;-7.95881;81.1;12.3;43798.0;0.976;12.5;11.9;33497.0;54135.0;19.9;86.8;82.2;52.4;0.3;63.2;36.9;2.0;2.0;7.0;3.0;3.6;0.4;;23.4;26.7;5.1;54.3;60.0;6.1;75.2;9.5;20.9;15.2;90.5;3.7;0.905;;182.0
Iceland;ISL;Revenu élevé;Phase 4;Phase 4;Europe;Europe du Nord;64.9725;-18.4673;82.7;12.2;37065.0;0.965;12.2;12.6;30530.0;43576.0;41.3;100.0;97.2;70.7;0.7;94.1;36.0;2.0;4.0;10.0;1.6;2.0;0.3;;24.5;34.8;7.2;70.8;74.1;4.2;77.1;4.4;8.7;5.8;100.0;2.9;0.937;;90.0
Canada;CAN;Revenu élevé;Phase 4;Phase 4;Amérique;Amérique du Nord;56.8373;-110.436;82.2;13.1;42582.0;0.983;13.3;12.9;33288.0;52026.0;28.3;100.0;100.0;61.0;1.0;81.8;40.6;1.6;2.0;5.0;4.3;4.9;0.2;;24.7;20.7;7.4;61.0;65.6;2.1;78.2;6.9;13.2;13.3;97.7;4.7;0.912;;105.0
United States;USA;Revenu élevé;Phase 4;Phase 4;Amérique;Amérique du Nord;37.2472;-99.6968;79.2;13.2;53245.0;0.993;13.2;13.2;42272.0;64410.0;19.5;95.4;95.1;56.0;0.8;81.6;38.0;1.9;2.0;9.0;5.6;6.5;0.1;;23.3;24.5;8.3;58.8;62.1;1.6;81.2;5.3;11.8;16.5;92.5;6.1;0.856;;
Hong Kong;HKG;Revenu élevé;Phase 4;Phase 4;Asie;Asie de l'Est;22.4112;114.057;84.2;11.6;54265.0;0.964;11.5;12.4;39525.0;70921.0;;80.9;74.7;53.4;0.8;100.0;43.2;1.2;;;;;2.5;;25.8;;;58.3;60.3;;79.9;3.3;9.5;6.6;72.9;2.8;0.959;;70.0
New Zealand;NZL;Revenu élevé;Phase 4;Phase 4;Océanie;Australie;-43.5877;171.243;82.0;12.5;32870.0;0.963;12.6;12.5;24413.0;41718.0;31.4;98.8;98.7;62.4;0.7;86.3;38.0;2.1;7.0;7.0;4.7;5.7;0.1;;24.5;27.4;9.1;63.6;67.6;6.4;73.0;5.9;14.4;11.9;98.0;4.6;0.910;;112.0
Sweden;SWE;Revenu élevé;Phase 4;Phase 4;Europe;Europe du Nord;62.1827;14.9052;82.3;12.3;46251.0;0.997;12.4;12.2;40328.0;52181.0;43.6;87.8;88.3;60.9;0.8;85.8;41.0;1.9;1.0;3.0;2.4;3.0;0.3;;24.3;39.3;10.0;59.8;64.5;1.7;79.0;7.4;20.8;7.2;100.0;3.3;0.928;;
Liechtenstein;LIE;Revenu élevé;Phase 4;Phase 4;Europe;Europe de l'Ouest;47.1375;9.5419;80.2;12.4;75065.0;;;;;;20.0;;;;0.7;14.3;;;;;;;;;;;;;;;;;;;;;;;
United Kingdom;GBR;Revenu élevé;Phase 4;Phase 4;Europe;Europe de l'Ouest;54.3103;-1.90973;80.8;13.3;37931.0;0.964;13.2;13.4;26324.0;49872.0;26.7;81.3;84.6;56.9;0.6;82.6;40.0;1.9;2.0;7.0;3.5;4.2;0.5;;23.5;28.1;7.6;59.3;62.7;1.1;79.1;5.5;15.1;11.9;99.5;4.5;0.894;;14.0
Japan;JPN;Revenu élevé;Phase 4;Phase 4;Asie;Asie de l'Est;43.4657;143.335;83.7;12.5;37268.0;0.970;12.6;12.4;25385.0;49818.0;11.6;93.0;90.6;49.1;-0.1;93.5;46.5;1.4;1.0;2.0;2.0;2.7;1.8;;25.8;23.0;8.6;57.3;59.3;3.7;69.1;3.3;5.3;3.9;80.3;3.2;0.948;;98.0
Korea;KOR;Revenu élevé;Phase 4;Phase 4;Asie;Asie de l'Est;36.4609;128.017;82.1;12.2;34541.0;0.929;11.5;12.9;21308.0;47934.0;16.3;88.8;94.6;50.0;0.5;82.5;40.6;1.3;1.0;1.0;2.9;3.4;3.8;;24.3;21.4;4.0;58.6;60.8;6.1;69.5;3.7;10.4;18.8;77.6;3.7;0.920;;90.0
Israel;ISR;Revenu élevé;Phase 4;Phase 4;Asie;Moyen-Orient;31.4553;34.6746;82.6;12.8;31215.0;0.973;12.8;12.7;23323.0;39239.0;26.7;87.3;90.3;58.9;1.7;92.1;30.3;3.1;5.0;4.0;3.2;4.0;0.2;;24.6;33.4;4.8;60.8;64.0;1.1;79.7;5.0;8.1;15.7;73.6;3.9;0.925;;98.0
Luxembourg;LUX;Revenu élevé;Phase 4;Phase 4;Europe;Europe de l'Ouest;49.807;6.06572;81.9;12.0;62471.0;0.966;11.6;12.3;47539.0;77291.0;28.3;100.6;99.4;52.2;2.2;90.2;39.2;1.6;1.0;1.0;1.5;1.9;0.2;;23.9;29.0;5.8;55.7;59.1;1.3;85.7;5.9;18.6;6.3;90.0;2.6;0.927;;112.0
France;FRA;Revenu élevé;Phase 4;Phase 4;Europe;Europe de l'Ouest;46.7326;2.19266;82.4;11.6;38085.0;0.988;11.5;11.8;31742.0;44776.0;25.7;79.7;85.5;50.7;0.5;79.5;41.2;2.0;1.0;10.0;3.5;4.3;0.6;;25.2;31.9;9.0;49.4;55.2;2.8;75.8;10.6;24.7;10.7;100.0;4.0;0.921;;112.0
Belgium;BEL;Revenu élevé;Phase 4;Phase 4;Europe;Europe de l'Ouest;50.5023;4.84062;81.0;11.4;41243.0;0.978;11.2;11.6;32416.0;50358.0;42.4;80.1;84.7;48.2;0.7;97.9;41.5;1.8;1.0;4.0;3.3;4.1;0.3;;23.7;48.9;8.2;48.9;53.6;1.1;77.4;8.7;21.8;12.1;84.6;4.0;0.901;;105.0
Finland;FIN;Revenu élevé;Phase 4;Phase 4;Europe;Europe du Nord;64.941;27.4203;81.0;11.2;38868.0;1.000;11.5;11.1;32069.0;45882.0;41.5;100.0;100.0;55.0;0.5;84.2;42.5;1.7;1.0;3.0;1.9;2.3;0.2;;23.7;29.1;7.3;52.9;58.5;3.9;73.7;9.6;23.3;10.2;100.0;3.4;0.907;;147.0
Austria;AUT;Revenu élevé;Phase 4;Phase 4;Europe;Europe de l'Ouest;47.694;14.7471;81.6;11.3;43609.0;0.957;10.8;11.8;29829.0;57888.0;30.3;98.7;99.2;54.7;0.4;66.0;43.2;1.5;7.0;24.0;2.9;3.5;0.7;;23.8;48.3;8.7;56.8;60.2;4.3;69.7;5.7;10.2;7.7;100.0;3.7;0.912;;112.0
Slovenia;SVN;Revenu élevé;Phase 4;Phase 4;Europe;Europe du Sud;46.1502;14.6159;80.6;12.1;28664.0;1.003;11.9;12.2;25654.0;31726.0;27.7;96.5;98.3;52.2;0.1;49.7;43.1;1.6;2.0;6.0;2.1;2.6;0.8;;23.1;25.2;6.6;52.1;57.5;7.7;60.2;9.3;16.7;9.4;95.1;3.6;0.898;;105.0
Italy;ITA;Revenu élevé;Phase 4;Phase 4;Europe;Europe du Sud;42.5005;12.687;83.3;10.9;33573.0;0.963;10.5;11.0;22910.0;44844.0;30.1;79.1;83.3;39.3;0.1;69.0;45.9;1.4;2.0;14.0;2.9;3.5;0.4;0.4;25.1;37.6;7.0;42.5;48.4;3.5;69.5;12.1;42.1;22.0;81.1;3.0;0.945;;150.0
Spain;ESP;Revenu élevé;Phase 4;Phase 4;Europe;Europe du Sud;39.8819;-3.48933;82.8;9.8;32779.0;0.974;9.6;10.0;24382.0;41500.0;38.0;70.9;76.7;52.3;-0.2;79.6;43.2;1.3;1.0;4.0;3.5;4.1;0.5;0.4;24.8;49.5;6.4;45.3;58.4;4.2;76.3;22.4;49.4;17.1;68.2;3.5;0.932;;112.0
Czechia;CZE;Revenu élevé;Phase 4;Phase 4;Europe;Europe de l'Est;49.8004;15.5126;78.8;12.3;28144.0;0.983;12.1;12.6;20997.0;35543.0;19.6;99.8;99.8;51.1;0.1;73.0;41.5;1.5;1.0;1.0;2.8;3.4;0.6;;21.5;36.2;6.3;56.4;59.4;2.7;58.9;5.2;13.0;8.1;100.0;3.5;0.873;;196.0
Greece;GRC;Revenu élevé;Phase 4;Phase 4;Europe;Europe du Sud;39.0711;21.9685;81.1;10.5;24808.0;0.957;10.3;10.8;17304.0;32683.0;19.7;63.7;71.7;43.9;-0.4;78.0;43.6;1.3;1.0;3.0;3.6;4.6;1.0;0.3;23.6;61.7;5.0;38.8;51.7;13.0;71.8;24.9;49.2;19.1;77.4;3.7;0.905;;119.0
Brunei Darussalam;BRN;Revenu élevé;Phase 4;Phase 4;Asie;Asie du Sud-Est;4.52153;114.483;79.0;9.0;72843.0;0.986;9.0;9.1;55402.0;89256.0;;67.7;69.6;51.0;1.5;77.2;30.6;1.9;1.0;3.0;8.6;10.2;3.6;;21.4;14.4;2.5;62.3;63.5;0.6;80.8;1.9;5.7;;81.7;4.4;0.868;;91.0
Estonia;EST;Revenu élevé;Phase 4;Phase 4;Europe;Europe du Nord;58.5935;25.4947;77.0;12.5;26362.0;1.032;13.0;12.2;21976.0;31347.0;23.8;100.0;100.0;55.4;-0.3;67.5;41.7;1.6;5.0;7.0;2.3;2.9;2.1;;21.3;32.4;5.0;58.2;61.9;3.9;65.5;5.9;11.3;11.7;98.0;4.8;0.835;;140.0
Andorra;AND;Revenu élevé;Phase 4;Phase 4;Europe;Europe du Sud;42.536;1.56174;81.5;10.3;47979.0;;10.2;10.3;;;39.3;72.0;73.7;;-3.6;85.1;;;1.0;4.0;2.1;2.8;0.8;;;40.0;6.3;;;;;;;;;;;;
Cyprus;CYP;Revenu élevé;Phase 4;Phase 4;Europe;Europe du Sud;34.9113;32.9868;80.3;11.7;29459.0;0.979;11.6;11.9;23450.0;35227.0;12.5;77.0;82.7;57.5;1.1;66.9;35.9;1.5;1.0;14.0;2.5;2.7;0.4;;22.1;23.3;3.3;53.9;63.9;3.9;79.6;15.6;32.3;17.0;85.2;4.0;0.891;;126.0
Malta;MLT;Revenu élevé;Phase 4;Phase 4;Europe;Europe du Sud;35.9046;14.4311;80.7;11.3;29500.0;0.923;10.9;11.6;17295.0;41802.0;12.9;72.7;81.2;38.8;0.3;95.4;41.5;1.4;1.0;2.0;5.1;6.4;0.3;;22.8;34.9;6.7;49.5;52.3;1.2;77.1;5.4;12.3;11.4;60.5;4.5;0.892;;126.0
Qatar;QAT;Revenu élevé;Phase 4;Phase 4;Asie;Moyen-Orient;25.3742;51.1384;78.3;9.8;129916.0;0.991;10.9;9.5;50324.0;159897.0;0.0;70.9;67.8;53.6;4.7;99.2;30.7;2.1;1.0;1.0;6.8;8.0;0.2;;21.0;77.4;1.9;84.4;84.6;1.4;46.8;0.2;0.8;;7.9;6.1;0.843;;50.0
Poland;POL;Revenu élevé;Phase 4;Phase 4;Europe;Europe de l'Est;51.9217;19.1588;77.6;11.9;24117.0;1.006;11.9;12.0;18928.0;29658.0;24.8;81.1;86.9;49.1;0.0;60.5;39.6;1.4;1.0;2.0;4.5;5.2;1.4;;21.5;22.2;4.5;52.7;56.9;11.2;57.9;7.4;19.9;12.0;96.5;5.2;0.840;;182.0
Lithuania;LTU;Revenu élevé;Phase 4;Phase 4;Europe;Europe de l'Est;55.1691;24.1437;73.5;12.7;26006.0;1.032;12.7;12.7;22147.0;30530.0;23.4;91.1;95.6;53.9;-1.6;66.5;43.1;1.6;3.0;7.0;3.3;5.2;7.7;;19.2;41.2;4.4;53.5;59.1;9.0;65.8;9.5;17.6;9.9;100.0;5.5;0.778;;126.0
Chile;CHL;Revenu élevé;Phase 4;Phase 4;Amérique;Amérique du Sud;-35.7308;-71.4921;82.0;9.9;21665.0;0.966;9.8;10.0;14955.0;28556.0;15.8;76.1;76.9;50.7;1.1;89.5;34.4;1.8;4.0;6.0;7.0;8.1;1.6;0.3;25.2;10.3;3.9;58.4;62.4;9.2;67.1;6.4;16.4;11.8;74.5;7.6;0.881;7.0;126.0
Saudi Arabia;SAU;Revenu élevé;Phase 4;Phase 4;Asie;Moyen-Orient;24.2275;44.6658;74.4;9.6;51320.0;0.882;9.0;10.0;19300.0;75923.0;19.9;63.3;72.1;20.1;2.3;83.1;28.3;2.9;1.0;2.0;12.5;14.5;2.1;;18.5;24.9;3.5;51.6;54.8;4.9;70.9;5.8;31.0;18.4;;11.0;0.745;;70.0
Slovakia;SVK;Revenu élevé;Phase 4;Phase 4;Europe;Europe de l'Est;48.6747;19.6436;76.4;12.2;26764.0;0.991;12.0;12.3;20173.0;33770.0;18.7;99.2;99.5;51.4;0.1;53.6;39.1;1.4;1.0;3.0;5.8;7.3;0.5;;20.3;33.2;5.8;52.8;59.5;3.5;60.9;11.3;25.2;12.8;100.0;5.3;0.822;;238.0
Portugal;PRT;Revenu élevé;Phase 4;Phase 4;Europe;Europe du Sud;39.5477;-8.28768;81.2;8.9;26104.0;0.980;8.9;8.9;21095.0;31673.0;34.8;50.8;52.2;53.6;-0.4;63.5;44.0;1.3;1.0;2.0;3.0;3.6;1.2;;23.7;41.0;6.2;51.4;58.5;5.5;69.5;12.1;30.1;12.3;100.0;3.9;0.905;3.0;
United Arab Emirates;ARE;Revenu élevé;Phase 4;Phase 4;Asie;Moyen-Orient;24.3526;55.1361;77.1;9.5;66203.0;0.972;10.6;8.7;27257.0;80420.0;22.5;77.4;64.5;41.9;1.9;85.5;33.3;1.8;6.0;6.0;5.9;6.8;0.3;;19.8;25.3;2.6;77.1;80.1;;;3.7;11.1;;;5.8;0.828;;45.0
Hungary;HUN;Revenu élevé;Phase 4;Phase 4;Europe;Europe de l'Est;47.1592;19.1229;75.3;12.0;23394.0;0.988;12.0;12.1;17787.0;29567.0;10.1;95.6;97.9;46.4;-0.3;71.2;41.3;1.3;1.0;1.0;5.3;5.9;0.7;;20.1;30.8;4.9;50.2;54.0;4.6;64.5;7.0;18.2;13.6;91.4;5.2;0.807;;168.0
Latvia;LVA;Revenu élevé;Phase 4;Phase 4;Europe;Europe du Nord;56.868;24.3816;74.3;11.7;22589.0;1.025;12.0;11.6;18824.0;27031.0;18.0;99.3;98.8;54.4;-1.2;67.4;42.9;1.5;7.0;5.0;6.9;7.9;2.7;0.7;19.8;35.8;3.7;54.4;60.4;7.3;68.6;9.8;14.8;12.0;100.0;6.7;0.780;;112.0
Argentina;ARG;Revenu intermédiaire;Phase 3;Phase 2;Amérique;Amérique du Sud;-37.0825;-63.9689;76.5;9.9;20945.0;0.982;9.7;10.0;12875.0;29367.0;37.1;63.5;61.4;48.4;1.0;91.8;30.8;2.3;2.0;5.0;11.1;12.5;1.4;0.4;21.4;38.6;2.7;56.9;61.0;0.5;74.7;6.7;19.1;18.6;90.7;10.0;0.782;4.0;90.0
Croatia;HRV;Revenu intermédiaire;Phase 4;Phase 4;Europe;Europe du Sud;44.7467;15.3181;77.5;11.2;20291.0;0.997;11.2;11.6;16932.0;23897.0;15.2;92.0;96.0;46.4;-0.4;59.0;42.8;1.5;2.0;6.0;3.6;4.3;1.1;;20.6;30.0;6.4;43.9;52.3;8.7;63.9;16.1;43.8;19.3;57.6;4.5;0.845;;208.0
Bahrain;BHR;Revenu intermédiaire;Phase 3;Phase 2;Asie;Moyen-Orient;26.0167;50.5431;76.7;9.4;37236.0;0.970;9.4;9.4;25717.0;44303.0;15.0;61.6;55.6;39.2;1.8;88.8;30.3;2.1;1.0;1.0;5.3;6.2;0.4;;19.4;9.2;3.2;68.3;69.2;1.1;62.4;1.2;5.4;;40.1;6.3;0.818;5.0;60.0
Montenegro;MNE;Revenu intermédiaire;Phase 3;Phase 2;Europe;Europe du Sud;42.7094;19.2846;76.4;11.3;15410.0;0.955;10.7;12.0;11757.0;19149.0;17.3;86.9;96.2;42.0;0.1;64.0;37.6;1.7;3.0;12.0;4.3;4.7;0.6;;19.8;21.1;3.7;40.0;48.9;5.7;73.0;18.2;37.5;;52.3;5.2;0.823;13.0;45.0
Russian Federation;RUS;Revenu intermédiaire;Phase 3;Phase 2;Europe/Asie;Europe de l'Est;59.4643;88.3972;70.3;12.0;23286.0;1.016;12.0;12.1;17868.0;29531.0;14.5;94.6;94.7;56.6;0.0;74.0;38.7;1.7;3.0;2.0;8.2;9.6;11.0;;18.4;43.1;3.7;59.8;63.5;6.7;65.8;5.8;15.0;12.0;100.0;8.8;0.705;;140.0
Romania;ROU;Revenu intermédiaire;Phase 3;Phase 3;Europe;Europe de l'Est;45.9636;24.2451;74.8;10.8;19428.0;0.990;10.3;11.0;16272.0;22786.0;12.0;86.1;92.2;47.6;-0.8;54.6;42.1;1.5;2.0;11.0;9.7;11.1;5.5;;19.8;24.5;4.5;52.0;55.9;25.4;44.5;6.9;23.1;17.0;98.0;8.4;0.773;1.0;126.0
Kuwait;KWT;Revenu intermédiaire;Phase 3;Phase 2;Asie;Moyen-Orient;29.2972;47.4152;74.5;7.3;76075.0;0.972;7.4;6.9;35164.0;107991.0;1.5;56.8;58.1;48.4;4.8;98.3;31.0;2.2;3.0;6.0;7.3;8.6;0.2;;17.7;27.0;2.6;66.7;69.2;1.2;58.6;3.5;17.3;;27.3;7.2;0.779;;70.0
Belarus;BLR;Revenu intermédiaire;Phase 3;Phase 2;Europe;Europe de l'Est;53.692;28.0254;71.5;12.0;15629.0;1.021;11.9;12.1;12327.0;19433.0;29.2;87.0;92.2;54.5;0.0;76.7;39.6;1.6;3.0;1.0;3.4;4.6;7.7;0.6;18.1;39.3;3.7;57.0;60.8;9.6;57.2;6.1;12.9;;93.6;5.8;0.746;1.0;126.0
Oman;OMN;Revenu intermédiaire;Phase 3;Phase 2;Asie;Moyen-Orient;20.8096;56.9593;77.0;8.1;34402.0;0.927;7.7;8.5;15703.0;43894.0;8.2;59.8;57.1;30.0;8.4;77.6;29.0;2.9;1.0;1.0;9.9;11.6;0.6;;20.6;24.3;3.2;64.8;69.1;5.2;57.9;6.3;19.3;;24.7;7.0;0.815;;50.0
Barbados;BRB;Revenu intermédiaire;Phase 3;Phase 2;Amérique;Caraïbes;13.1959;-59.5638;75.8;10.5;14952.0;1.006;10.6;10.3;11801.0;18377.0;19.6;93.0;90.6;62.4;0.3;31.5;38.5;1.8;2.0;5.0;12.0;13.0;0.0;1.6;19.5;18.1;4.7;58.2;66.3;2.7;78.4;12.3;30.4;;68.3;7.8;0.791;2.0;84.0
Uruguay;URY;Revenu intermédiaire;Phase 4;Phase 4;Amérique;Amérique du Sud;-32.5362;-55.8114;77.4;8.6;19148.0;1.017;8.8;8.3;14608.0;24014.0;19.2;55.0;51.6;55.4;0.3;95.3;34.9;2.0;1.0;4.0;8.7;10.1;1.7;0.5;22.0;37.4;6.1;60.6;65.3;9.3;69.1;7.3;20.3;20.5;76.5;9.5;0.799;8.0;98.0
Bulgaria;BGR;Revenu intermédiaire;Phase 3;Phase 2;Europe;Europe de l'Est;42.7353;25.1868;74.3;10.8;16261.0;0.984;10.8;11.2;12979.0;19736.0;20.4;93.1;95.5;48.6;-0.7;73.9;43.5;1.5;10.0;7.0;9.3;10.4;2.1;;19.2;38.7;4.6;48.9;54.2;6.9;62.8;9.8;22.2;20.2;96.9;7.8;0.771;;410.0
Kazakhstan;KAZ;Revenu intermédiaire;Phase 3;Phase 2;Asie;Asie centrale;48.029;66.3342;69.6;11.7;22093.0;1.006;11.7;11.7;16364.0;28226.0;20.1;99.7;100.0;66.1;1.6;53.2;29.3;2.6;4.0;1.0;12.6;14.1;8.6;0.2;17.1;36.2;2.4;67.2;71.2;24.2;56.0;5.6;5.1;;95.9;11.6;0.674;2.0;126.0
Bahamas;BHS;Revenu intermédiaire;Phase 4;Phase 3;Amérique;Caraïbes;26.6505;-78.3334;75.6;10.9;21565.0;;11.5;10.5;18070.0;25209.0;16.7;87.4;87.6;69.4;1.5;82.9;32.4;1.9;4.0;8.0;9.9;12.1;0.6;3.2;22.3;28.2;3.6;63.5;74.1;3.7;83.0;14.4;28.4;;84.2;9.4;0.774;;91.0
Malaysia;MYS;Revenu intermédiaire;Phase 3;Phase 2;Asie;Asie du Sud-Est;3.98735;102.09;74.9;10.1;24620.0;;10.0;10.8;17170.0;32208.0;13.2;75.4;79.1;49.3;1.5;74.7;28.5;2.0;1.0;6.0;6.0;7.0;8.0;0.4;19.3;12.0;2.3;61.5;63.3;12.2;60.3;2.9;10.4;1.2;19.8;6.7;0.788;;60.0
Palau;PLW;Revenu intermédiaire;Phase 4;Phase 4;Océanie;Micronésie;7.54442;134.584;72.9;12.3;13771.0;;;;;;10.3;;;;0.8;87.1;;;1.0;17.0;14.2;16.4;1.2;;;13.8;6.5;;;;;;;;48.0;;;;
Panama;PAN;Revenu intermédiaire;Phase 3;Phase 2;Amérique;Amérique centrale;8.42109;-81.4631;77.8;9.9;19470.0;0.997;10.3;9.5;14550.0;24365.0;18.3;70.1;66.1;50.5;1.6;66.6;28.7;2.5;4.0;10.0;14.6;17.0;5.5;0.7;23.9;16.5;5.9;62.0;65.4;16.7;65.0;5.2;13.7;17.6;37.3;11.5;0.786;6.0;98.0
Antigua and Barb.;ATG;Revenu intermédiaire;Phase 3;Phase 2;Amérique;Caraïbes;17.0682;-61.783;76.2;9.2;20907.0;;;;;;25.7;;;;1.0;23.8;30.9;2.1;1.0;2.0;5.8;8.1;3.8;;21.5;;3.8;;;;;;;;69.7;8.4;0.792;;91.0
Seychelles;SYC;Revenu intermédiaire;Phase 3;Phase 2;Afrique;Afrique de l'Est;-9.39959;46.4392;73.3;9.4;23886.0;;;;;;43.8;;;;0.7;53.9;32.6;2.3;1.0;1.0;11.7;13.6;0.0;;19.4;10.7;3.1;;;3.6;78.2;;;20.0;100.0;9.0;0.746;;98.0
Mauritius;MUS;Revenu intermédiaire;Phase 3;Phase 2;Afrique;Afrique de l'Est;-20.2912;57.58;74.6;9.1;17948.0;0.954;8.8;9.5;10540.0;25539.0;11.6;57.0;62.0;46.8;0.4;39.7;35.2;1.5;3.0;2.0;11.8;13.5;1.3;0.9;20.2;10.6;2.4;55.8;60.5;8.0;63.5;7.9;17.5;;100.0;9.8;0.758;;84.0
Trinidad and Tobago;TTO;Revenu intermédiaire;Phase 3;Phase 2;Amérique;Caraïbes;10.47;-61.2584;70.5;10.9;28049.0;1.004;10.8;11.0;21104.0;35179.0;31.5;70.6;68.4;52.6;0.5;8.4;33.8;1.8;7.0;4.0;18.2;20.4;2.0;1.2;18.2;11.8;3.2;60.5;62.9;;;3.8;9.6;52.5;98.7;16.6;0.648;1.0;98.0
Costa Rica;CRI;Revenu intermédiaire;Phase 3;Phase 2;Amérique;Amérique centrale;9.61758;-83.6296;79.6;8.7;14006.0;0.969;8.7;8.7;9955.0;18052.0;33.3;54.5;53.8;46.8;1.1;76.8;31.4;1.9;9.0;5.0;8.5;9.7;0.8;0.3;23.6;11.1;6.8;56.3;61.6;12.7;68.2;8.6;21.1;17.8;55.8;8.2;0.842;4.0;120.0
Serbia;SRB;Revenu intermédiaire;Phase 3;Phase 2;Europe;Europe du Sud;44.2026;20.9973;75.0;10.8;12202.0;0.969;10.3;11.4;9600.0;14932.0;34.0;82.3;91.6;43.4;-0.5;55.6;40.6;1.6;3.0;14.0;5.9;6.7;1.4;;19.1;21.1;6.4;41.7;51.5;21.3;52.9;19.0;45.2;19.5;46.1;7.9;0.780;10.0;135.0
Cuba;CUB;Revenu intermédiaire;Phase 3;Phase 2;Amérique;Caraïbes;21.5277;-77.951;79.6;11.8;7455.0;0.946;11.5;12.0;5013.0;9874.0;48.9;83.9;86.7;42.6;0.1;77.1;41.2;1.6;2.0;1.0;4.0;5.5;0.3;0.3;23.1;67.2;10.6;53.9;55.6;18.6;64.2;3.0;6.5;;;5.5;0.866;;
Iran;IRN;Revenu intermédiaire;Phase 3;Phase 2;Asie;Moyen-Orient;32.4252;54.0747;75.6;8.8;16395.0;0.862;8.5;9.1;5132.0;27499.0;3.1;66.8;70.2;16.2;1.3;73.4;29.5;1.7;1.0;1.0;13.4;15.5;3.5;0.1;19.4;8.9;2.8;39.9;44.5;17.9;48.3;10.5;24.1;34.3;26.4;10.6;0.764;11.0;270.0
Georgia;GEO;Revenu intermédiaire;Phase 3;Phase 2;Europe/Asie;Europe de l'Est;42.287;43.6358;75.0;12.2;8856.0;0.970;12.3;12.2;6105.0;11871.0;11.3;96.1;97.4;57.3;-1.2;53.6;37.5;1.8;1.0;8.0;10.6;11.9;6.6;0.4;19.8;42.7;1.6;58.9;67.1;;;12.3;29.8;;89.8;10.3;0.759;18.0;183.0
Turkey;TUR;Revenu intermédiaire;Phase 3;Phase 2;Europe/Asie;Moyen-Orient;38.9574;35.4809;75.5;7.9;18705.0;0.908;7.0;8.8;10648.0;27035.0;14.9;43.5;64.8;30.4;1.7;73.4;29.8;2.1;3.0;6.0;11.6;13.5;0.6;;20.8;17.1;4.2;45.1;50.3;19.7;51.9;10.3;16.4;24.8;88.1;11.5;0.756;6.0;112.0
Venezuela;VEN;Revenu intermédiaire;Phase 3;Phase 2;Amérique;Amérique du Sud;6.39181;-65.4057;74.4;9.4;15129.0;1.028;9.7;9.0;11579.0;18709.0;17.0;72.6;65.0;51.4;1.4;89.0;27.4;2.4;12.0;11.0;12.9;14.9;1.8;0.5;20.7;19.4;1.5;59.5;64.7;7.4;71.1;8.0;16.7;19.2;59.4;11.4;0.741;8.0;182.0
Sri Lanka;LKA;Revenu intermédiaire;Phase 3;Phase 2;Asie;Asie du Sud;7.87234;80.6663;75.0;10.9;10789.0;0.934;10.3;11.4;6067.0;15869.0;4.9;80.2;80.6;30.2;0.5;18.4;32.3;2.1;1.0;1.0;8.4;9.8;6.1;0.1;20.4;6.8;2.0;49.3;51.8;30.4;43.4;4.7;20.2;0.5;17.1;8.1;0.778;3.0;84.0
St. Kitts and Nevis;KNA;Revenu intermédiaire;Phase 3;Phase 2;Amérique;Caraïbes;17.3112;-62.7377;74.0;8.4;22436.0;;;;;;13.3;;;;1.2;32.0;;;1.0;7.0;8.4;10.5;2.7;;;11.7;2.1;;;;;;;;44.7;;;;91.0
Albania;ALB;Revenu intermédiaire;Phase 3;Phase 2;Europe;Europe du Sud;41.1253;20.0097;78.0;9.6;10252.0;0.959;9.5;9.8;7365.0;13186.0;20.7;90.2;90.5;40.3;0.0;57.4;34.3;1.8;1.0;2.0;12.5;14.0;0.6;;21.2;11.5;2.9;41.6;50.3;;;17.3;32.7;30.5;77.0;9.9;0.804;5.0;365.0
Lebanon;LBN;Revenu intermédiaire;Phase 3;Phase 2;Asie;Moyen-Orient;33.8692;35.9029;79.5;8.6;13312.0;0.893;8.3;8.7;5844.0;20712.0;3.1;53.0;55.4;23.5;6.0;87.8;28.5;1.7;16.0;21.0;7.1;8.3;1.6;0.1;22.0;32.0;3.0;43.7;47.0;;;7.1;21.6;;0.0;7.2;0.850;2.0;70.0
Mexico;MEX;Revenu intermédiaire;Phase 3;Phase 2;Amérique;Amérique du Nord;23.6194;-102.248;77.0;8.6;16383.0;0.951;8.2;8.6;10710.0;22115.0;40.6;56.1;59.0;45.4;1.4;79.2;27.4;2.3;10.0;3.0;11.3;13.2;1.7;0.2;22.7;21.0;3.3;59.5;62.2;13.4;62.4;4.3;8.8;20.0;25.2;13.2;0.761;4.0;84.0
Azerbaijan;AZE;Revenu intermédiaire;Phase 3;Phase 2;Asie;Asie de l'Ouest;40.1478;47.7286;70.9;11.2;16413.0;0.940;10.3;12.0;11029.0;21845.0;16.9;93.9;97.5;61.9;1.4;54.6;30.9;2.3;4.0;2.0;27.9;31.7;0.4;0.2;18.3;34.0;1.2;61.9;65.0;36.8;48.9;4.7;14.3;;81.7;21.7;0.613;7.0;126.0
Brazil;BRA;Revenu intermédiaire;Phase 3;Phase 2;Amérique;Amérique du Sud;-14.2453;-49.7257;74.7;7.8;14145.0;1.005;8.1;7.5;10672.0;17736.0;10.8;59.1;55.2;56.3;0.9;85.7;31.3;1.8;1.0;3.0;14.6;16.4;2.6;0.6;21.3;18.9;3.8;62.3;67.1;14.5;76.6;7.2;16.8;19.6;86.3;14.4;0.721;8.0;120.0
Grenada;GRD;Revenu intermédiaire;Phase 3;Phase 2;Amérique;Caraïbes;12.1272;-61.6772;73.6;8.6;11502.0;;;;;;25.0;;;;0.4;35.6;27.2;2.2;3.0;6.0;10.8;11.8;0.4;;18.8;6.6;2.8;;;;;;;;34.0;8.7;0.752;;90.0
Bosnia and Herz.;BIH;Revenu intermédiaire;Phase 3;Phase 2;Europe;Europe du Sud;43.9243;17.5443;76.6;9.0;10091.0;0.923;7.8;10.6;6950.0;13261.0;19.3;69.5;87.5;34.4;-0.1;39.8;41.5;1.3;8.0;11.0;5.1;5.4;3.8;;20.2;19.3;6.8;32.2;46.1;;;30.3;66.9;;29.6;6.7;0.813;5.0;365.0
Macedonia;MKD;Revenu intermédiaire;Phase 3;Phase 2;Europe;Europe du Sud;41.6057;21.734;75.5;9.4;12405.0;0.947;8.9;9.8;9050.0;15790.0;33.3;40.2;55.6;43.9;0.2;57.1;37.5;1.5;2.0;7.0;4.8;5.5;2.3;;19.1;26.3;4.1;40.9;55.9;18.0;51.4;26.9;49.4;25.1;52.2;7.6;0.789;13.0;270.0
Algeria;DZA;Revenu intermédiaire;Phase 3;Phase 2;Afrique;Afrique du Nord;28.0672;0.587023;75.0;7.8;13533.0;0.854;6.6;8.5;4022.0;22926.0;25.7;34.1;35.7;16.8;1.9;70.7;27.6;2.9;1.0;5.0;21.9;25.5;11.0;0.1;21.6;12.1;5.2;39.1;43.7;10.8;58.4;10.5;28.6;22.8;63.6;18.6;0.689;5.0;98.0
Armenia;ARM;Revenu intermédiaire;Phase 3;Phase 2;Asie;Caucase;40.0768;44.8402;74.9;11.3;8189.0;0.993;11.3;11.3;5535.0;11258.0;10.7;98.5;98.1;54.9;0.4;62.7;34.6;1.6;3.0;3.0;12.6;14.1;4.7;0.2;19.6;27.0;1.9;53.0;63.3;36.3;46.7;16.3;37.2;40.9;80.0;10.1;0.759;4.0;140.0
Ukraine;UKR;Revenu intermédiaire;Phase 3;Phase 2;Europe;Europe de l'Est;48.792;31.0623;71.1;11.3;7361.0;1.000;11.3;11.3;5791.0;9181.0;12.1;94.3;96.0;52.2;-0.4;69.7;40.3;1.5;10.0;21.0;7.7;9.0;13.0;0.9;18.1;35.4;3.6;53.2;59.1;14.8;59.1;9.9;23.1;20.0;95.0;8.7;0.718;2.0;126.0
Jordan;JOR;Revenu intermédiaire;Phase 3;Phase 2;Asie;Moyen-Orient;31.3293;36.2789;74.2;10.1;10111.0;0.864;9.7;10.7;3203.0;16694.0;11.6;78.5;82.7;14.2;3.1;83.7;22.5;3.5;2.0;2.0;15.4;17.9;0.3;;19.0;25.6;5.2;34.8;40.0;1.8;79.6;12.8;33.4;24.6;42.2;11.9;0.734;2.0;70.0
Peru;PER;Revenu intermédiaire;Phase 3;Phase 2;Amérique;Amérique du Sud;-9.18663;-75.7662;74.8;9.0;11295.0;0.959;8.4;9.5;8939.0;13655.0;22.3;56.2;67.0;65.7;1.3;78.6;27.5;2.5;2.0;11.0;13.1;16.9;7.2;0.3;21.3;11.3;3.3;71.5;74.1;;75.9;3.5;9.3;15.3;33.2;14.2;0.724;34.0;90.0
Thailand;THA;Revenu intermédiaire;Phase 3;Phase 2;Asie;Asie du Sud-Est;13.0205;101.697;74.6;7.9;14519.0;1.001;7.7;8.2;12938.0;16145.0;6.1;40.9;45.8;62.9;0.4;50.4;38.0;1.5;1.0;1.0;10.5;12.3;11.0;1.1;21.4;3.9;5.6;70.6;71.4;41.9;37.5;1.1;4.7;13.8;81.7;10.4;0.753;8.0;90.0
Ecuador;ECU;Revenu intermédiaire;Phase 3;Phase 2;Amérique;Amérique du Sud;-1.83318;-78.2942;76.1;8.3;10536.0;0.976;8.2;8.4;8278.0;12795.0;41.6;48.2;49.4;49.0;1.6;63.7;26.6;2.6;16.0;15.0;18.4;21.6;2.9;0.3;22.9;17.2;4.5;61.4;64.2;25.3;54.3;4.3;10.9;3.8;53.0;15.1;0.733;3.0;84.0
China;CHN;Revenu intermédiaire;Phase 3;Phase 2;Asie;Asie de l'Est;36.9026;98.5938;76.0;7.6;13345.0;0.954;7.2;7.9;10705.0;15830.0;23.6;69.8;79.4;63.6;0.5;55.6;37.0;1.6;1.0;1.0;9.2;10.7;2.8;;19.4;19.4;3.1;67.6;70.9;2.5;47.0;4.6;12.1;;74.4;8.9;0.784;;128.0
Fiji;FJI;Revenu intermédiaire;Phase 3;Phase 2;Océanie;Océan Pacifique;-17.803;177.983;70.2;10.5;8245.0;;10.9;10.2;4695.0;11676.0;16.0;73.9;66.5;37.0;0.7;53.7;27.6;2.6;1.0;6.0;19.1;22.4;4.7;;17.0;4.3;3.0;50.2;54.3;;;7.7;18.2;;10.6;12.3;0.677;;84.0
Mongolia;MNG;Revenu intermédiaire;Phase 3;Phase 2;Asie;Asie de l'Est;46.858;105.408;69.8;9.8;10449.0;1.026;10.0;9.5;8809.0;12122.0;14.5;89.7;85.8;56.5;1.7;72.0;27.3;2.7;1.0;2.0;19.0;22.4;2.2;0.1;18.0;28.4;2.6;58.1;62.5;35.0;46.8;7.1;14.7;1.5;100.0;17.1;0.635;15.0;120.0
Saint Lucia;LCA;Revenu intermédiaire;Phase 3;Phase 2;Amérique;Caraïbes;13.9336;-60.9708;75.2;9.3;9791.0;0.986;9.4;9.3;8033.0;11617.0;20.7;48.2;42.0;63.1;0.8;18.5;31.2;1.9;1.0;1.0;12.7;14.3;2.4;;21.1;1.1;3.6;55.6;69.6;;;20.1;47.2;;26.5;10.1;0.763;4.0;91.0
Jamaica;JAM;Revenu intermédiaire;Phase 3;Phase 2;Amérique;Caraïbes;18.1345;-77.1838;75.8;9.6;8350.0;0.975;9.7;9.6;6628.0;10086.0;16.7;67.1;59.4;57.7;0.4;54.8;29.1;2.1;3.0;8.0;13.5;15.7;0.3;1.6;22.2;4.1;2.8;56.0;64.8;18.2;66.5;13.7;32.7;28.8;55.5;11.9;0.757;3.0;56.0
Colombia;COL;Revenu intermédiaire;Phase 3;Phase 2;Amérique;Amérique du Sud;4.1406;-72.5966;74.2;7.6;12762.0;1.004;7.6;7.5;10215.0;15389.0;20.9;50.3;59.6;57.9;1.0;76.4;30.0;1.9;9.0;9.0;13.6;15.9;1.5;0.5;21.4;14.7;5.4;61.7;68.6;16.3;64.1;10.0;20.5;22.0;23.0;14.4;0.714;10.0;98.0
Dominica;DMA;Revenu intermédiaire;Phase 3;Phase 2;Amérique;Caraïbes;15.4437;-61.3475;77.9;7.9;10096.0;;;;;;21.9;;;;0.4;69.5;;;1.0;6.0;19.6;21.2;2.7;;;15.9;3.8;;;;;;;;38.5;;;;84.0
Suriname;SUR;Revenu intermédiaire;Phase 3;Phase 2;Amérique;Amérique du Sud;3.93617;-56.1276;71.3;8.3;16018.0;0.972;8.2;8.5;10501.0;21512.0;25.5;57.7;56.8;40.5;0.9;66.0;29.0;2.4;9.0;15.0;19.0;21.3;2.1;1.1;18.5;9.1;2.9;50.2;54.5;3.2;72.9;7.8;18.6;;;13.6;0.682;4.0;0.0
Tunisia;TUN;Revenu intermédiaire;Phase 3;Phase 2;Afrique;Afrique du Nord;33.7716;8.881;75.0;7.1;10249.0;0.904;6.7;7.8;4662.0;15967.0;31.3;37.5;49.9;25.1;1.1;66.8;31.2;2.2;2.0;2.0;12.1;14.0;2.0;0.1;19.5;12.2;4.0;40.6;47.7;14.8;51.5;14.8;34.5;25.4;68.8;12.2;0.743;2.0;30.0
Dominican Rep.;DOM;Revenu intermédiaire;Phase 3;Phase 2;Amérique;Caraïbes;18.789;-70.1349;73.7;7.7;12756.0;0.990;7.9;7.5;9281.0;16256.0;19.1;57.2;55.5;52.3;1.2;79.0;26.1;2.5;9.0;12.0;25.7;30.9;3.9;1.0;21.7;14.9;2.9;55.9;65.3;14.5;41.9;14.4;29.8;21.3;11.1;16.8;0.687;13.0;84.0
St. Vin. and Gren.;VCT;Revenu intermédiaire;Phase 3;Phase 2;Amérique;Caraïbes;13.253;-61.2026;73.0;8.6;10372.0;;;;7600.0;13095.0;13.0;;;56.3;0.0;50.6;29.8;2.0;1.0;1.0;16.6;18.3;1.0;;19.9;5.3;4.4;53.5;66.8;;;20.0;39.6;;76.6;12.7;0.712;;91.0
Tonga;TON;Revenu intermédiaire;Phase 3;Phase 2;Océanie;Océan Pacifique;-21.1634;-175.283;73.0;11.1;5284.0;0.969;11.0;11.1;3959.0;6602.0;0.0;91.2;91.1;52.8;0.4;23.7;21.3;3.8;14.0;33.0;14.4;16.7;2.1;;18.6;5.6;4.3;60.0;63.2;;;5.2;11.7;;1.0;13.6;0.704;;0.0
Libya;LBY;Revenu intermédiaire;Phase 3;Phase 2;Afrique;Afrique du Nord;26.3341;17.2306;71.8;7.3;14303.0;0.950;7.7;7.0;7163.0;21364.0;16.0;65.7;44.2;27.8;0.0;78.6;27.5;2.5;4.0;7.0;11.4;13.4;9.7;;18.2;19.0;3.7;42.2;53.2;;;20.6;50.0;;43.3;15.8;0.671;;98.0
Belize;BLZ;Revenu intermédiaire;Phase 3;Phase 2;Amérique;Caraïbes;17.2495;-88.7223;70.1;10.5;7375.0;0.967;10.5;10.5;5360.0;9402.0;13.3;77.9;77.4;56.3;2.2;44.0;23.5;2.6;4.0;5.0;14.2;16.5;1.8;1.5;17.0;8.3;3.9;61.6;69.8;;;11.8;22.0;27.9;64.6;11.6;0.681;3.0;98.0
Samoa;WSM;Revenu intermédiaire;Phase 3;Phase 2;Océanie;Océan Pacifique;-13.6364;-172.427;73.7;10.3;5372.0;;;;3444.0;7182.0;6.1;77.8;70.4;23.1;0.8;19.1;21.2;4.2;1.0;9.0;15.0;17.5;3.4;;18.9;4.8;6.5;38.7;41.1;5.4;79.9;5.8;14.1;38.2;49.5;13.3;0.716;;28.0
Maldives;MDV;Revenu intermédiaire;Phase 3;Phase 2;Asie;Asie du Sud-Est;4.19929;73.5296;77.0;6.2;10383.0;0.937;6.2;6.3;7155.0;13591.0;5.9;34.3;30.9;57.3;1.8;45.5;26.4;2.2;1.0;1.0;7.4;8.6;2.3;;19.5;14.2;10.8;59.9;68.0;14.6;67.0;11.8;27.9;56.4;99.7;7.1;0.814;;60.0
Uzbekistan;UZB;Revenu intermédiaire;Phase 3;Phase 2;Asie;Asie centrale;41.3702;63.3913;69.4;12.0;5748.0;0.946;11.8;12.3;3891.0;7668.0;16.4;99.9;99.9;48.3;1.5;36.4;26.3;2.5;1.0;1.0;33.9;39.1;9.1;0.2;18.3;25.3;3.1;55.6;61.8;;;10.1;19.8;;98.1;24.3;0.575;;126.0
Moldova;MDA;Revenu intermédiaire;Phase 3;Phase 2;Europe;Europe de l'Est;46.9989;28.8185;71.7;11.9;5026.0;1.010;12.0;11.8;4461.0;5637.0;21.8;95.2;97.3;38.8;-0.1;45.0;35.6;1.3;6.0;10.0;13.6;15.8;7.8;0.6;17.3;29.8;5.3;39.9;42.0;28.8;53.5;5.0;15.6;28.6;72.8;9.0;0.724;16.0;126.0
Botswana;BWA;Revenu intermédiaire;Phase 3;Phase 2;Afrique;Afrique australe;-22.3453;24.4714;64.5;9.2;14663.0;0.984;9.2;9.5;13278.0;16050.0;9.5;85.1;86.7;73.4;2.0;57.4;24.2;2.9;2.0;3.0;34.8;43.6;28.0;22.2;17.1;3.4;3.2;63.0;77.4;26.4;56.1;18.6;29.4;;100.0;20.9;0.542;9.0;84.0
Gabon;GAB;Revenu intermédiaire;Phase 3;Phase 2;Afrique;Afrique centrale;-0.815422;11.7334;64.9;8.1;19044.0;0.923;7.3;9.0;15838.0;22177.0;16.0;62.3;45.9;39.9;2.2;87.2;21.4;4.0;23.0;39.0;36.1;50.8;55.0;3.8;18.3;2.9;2.4;38.8;48.8;;;20.5;36.3;;38.8;27.6;0.501;13.0;98.0
Paraguay;PRY;Revenu intermédiaire;Phase 3;Phase 2;Amérique;Amérique du Sud;-23.438;-58.4732;73.0;8.1;8182.0;0.966;8.1;8.2;6138.0;10165.0;16.8;46.2;47.0;58.1;1.3;59.7;24.9;2.6;2.0;10.0;17.5;20.5;2.9;0.4;21.0;12.3;4.5;68.0;71.5;22.8;58.2;4.9;12.3;12.3;22.2;18.3;0.666;28.0;63.0
Egypt;EGY;Revenu intermédiaire;Phase 3;Phase 2;Afrique;Afrique du Nord;26.7423;29.463;71.3;7.1;10064.0;0.884;6.4;7.9;4750.0;15267.0;2.2;54.5;68.2;22.8;2.2;43.1;24.7;3.4;4.0;7.0;20.3;24.0;0.3;0.1;17.3;28.3;2.2;43.5;49.4;28.0;47.9;12.1;35.5;27.9;32.7;13.4;0.684;7.0;90.0
Turkmenistan;TKM;Revenu intermédiaire;Phase 3;Phase 2;Asie;Asie centrale;38.9602;59.0241;65.7;9.9;14026.0;;;;9359.0;18856.0;25.8;;;47.3;1.3;50.0;26.4;2.3;1.0;1.0;43.7;51.4;3.4;;17.0;23.9;1.3;55.8;62.0;;;10.0;19.5;;;26.0;0.521;;
Indonesia;IDN;Revenu intermédiaire;Phase 3;Phase 2;Asie;Asie du Sud-Est;0.0831973;113.339;69.1;7.9;10053.0;0.926;7.4;8.5;6668.0;13391.0;17.1;42.9;51.7;50.9;1.3;53.7;28.4;2.5;6.0;23.0;22.8;27.2;41.0;0.5;16.5;2.0;1.1;63.4;67.4;34.3;44.8;5.8;19.3;24.1;8.1;16.5;0.630;7.0;90.0
Palestine, State of;PSE;Revenu intermédiaire;Phase 3;Phase 2;Asie;Moyen-Orient;31.9406;35.2625;73.1;8.9;5256.0;0.867;8.6;9.3;1766.0;8651.0;;56.3;61.2;17.8;2.8;75.3;19.3;4.3;1.0;1.0;18.0;21.1;0.2;;18.5;8.4;;32.4;43.7;10.5;61.1;25.9;39.8;31.0;8.0;13.7;0.705;6.0;70.0
Viet Nam;VNM;Revenu intermédiaire;Phase 3;Phase 2;Asie;Asie du Sud-Est;15.9694;107.853;75.9;8.0;5335.0;1.010;7.9;8.2;4834.0;5846.0;24.3;64.0;76.7;73.8;1.1;33.6;30.4;2.0;5.0;3.0;17.3;21.7;18.0;0.5;22.4;11.9;3.8;76.7;78.3;46.8;32.0;2.1;5.3;9.3;34.5;14.2;0.738;16.0;180.0
Philippines;PHL;Revenu intermédiaire;Phase 3;Phase 2;Asie;Asie du Sud-Est;7.7046;125.217;68.3;9.3;8395.0;1.001;9.5;9.2;6845.0;9917.0;27.1;72.8;70.3;50.5;1.6;44.4;24.2;3.0;14.0;12.0;22.2;28.0;10.0;0.1;16.8;11.5;1.6;60.4;64.7;30.4;53.6;6.7;15.7;24.8;28.5;16.2;0.623;11.0;60.0
El Salvador;SLV;Revenu intermédiaire;Phase 3;Phase 2;Amérique;Amérique centrale;13.8041;-88.9113;73.3;6.5;7732.0;0.958;6.2;6.9;5386.0;10385.0;32.1;39.4;44.8;49.1;0.3;66.7;26.7;2.0;4.0;6.0;14.4;16.8;1.9;0.5;21.5;16.0;4.5;58.7;62.8;19.6;60.1;6.4;13.0;5.7;18.1;13.7;0.707;19.0;84.0
Bolivia;BOL;Revenu intermédiaire;Phase 3;Phase 2;Amérique;Amérique du Sud;-16.2881;-64.2815;68.7;8.2;6155.0;0.934;7.6;8.8;4695.0;7610.0;51.8;49.6;58.7;63.9;1.6;68.5;24.1;3.0;2.0;5.0;30.6;38.4;3.1;0.3;21.1;4.7;4.6;70.5;73.1;;;3.6;7.1;;100.0;29.0;0.532;26.0;90.0
South Africa;ZAF;Revenu intermédiaire;Phase 3;Phase 2;Afrique;Afrique australe;-28.4746;26.1195;57.7;10.3;12087.0;0.962;10.2;10.5;8795.0;15489.0;41.2;73.7;76.2;46.2;1.1;64.8;25.7;2.4;27.0;30.0;33.6;40.5;44.0;19.2;16.1;7.8;4.2;39.7;53.0;4.6;71.9;25.1;50.0;31.3;92.6;25.7;0.430;;120.0
Kyrgyzstan;KGZ;Revenu intermédiaire;Phase 3;Phase 2;Asie;Asie centrale;41.2247;75.0714;70.8;10.8;3097.0;0.967;10.9;10.7;2123.0;4090.0;19.2;100.0;99.9;49.4;1.7;35.7;25.1;3.1;4.0;4.0;19.0;21.3;11.0;0.2;17.7;19.7;3.6;57.7;62.9;31.7;48.1;8.2;14.6;21.2;100.0;13.6;0.675;26.0;126.0
Iraq;IRQ;Revenu intermédiaire;Phase 3;Phase 2;Asie;Moyen-Orient;33.2143;42.4933;69.6;6.6;11608.0;0.804;5.4;7.8;3552.0;19467.0;26.5;35.8;55.5;15.1;3.3;69.5;19.3;4.6;23.0;43.0;26.5;32.0;2.2;;17.5;6.1;3.3;35.3;42.4;;;16.9;35.1;;56.0;19.3;0.616;5.0;72.0
Cabo Verde;CPV;Revenu intermédiaire;Phase 3;Phase 2;Afrique;Afrique de l'Ouest;17.054;-25.1887;73.5;4.8;6049.0;;;;4030.0;8123.0;20.8;;;53.2;1.2;65.5;24.5;2.4;1.0;7.0;20.7;24.5;5.3;1.0;18.6;3.1;3.6;60.9;68.3;;;10.8;17.5;;55.7;13.4;0.713;6.0;60.0
Morocco;MAR;Revenu intermédiaire;Phase 3;Phase 2;Afrique;Afrique du Nord;28.6794;-9.90882;74.3;5.0;7195.0;0.826;3.8;6.4;3388.0;11091.0;15.7;25.7;33.2;25.3;1.4;60.2;28.0;2.6;1.0;1.0;23.7;27.6;7.9;0.1;19.1;6.2;2.0;44.5;49.2;39.2;39.4;9.6;19.3;;39.8;16.0;0.702;8.0;98.0
Nicaragua;NIC;Revenu intermédiaire;Phase 3;Phase 2;Amérique;Amérique centrale;12.8448;-85.559;75.2;6.5;4747.0;0.961;6.8;6.4;3150.0;6389.0;41.3;45.7;44.1;49.1;1.2;58.8;25.2;2.3;1.0;1.0;18.8;22.1;3.4;0.3;22.3;9.0;5.1;60.4;64.2;32.2;51.3;6.0;9.7;;23.7;14.6;0.725;15.0;84.0
Guatemala;GTM;Revenu intermédiaire;Phase 3;Phase 2;Amérique;Amérique centrale;15.7761;-90.2899;72.1;6.3;7063.0;0.959;6.3;6.3;5132.0;9081.0;13.9;37.4;36.2;41.3;2.1;51.6;21.2;3.3;11.0;33.0;24.3;29.1;1.6;0.6;21.3;9.3;2.3;59.8;61.5;32.7;50.2;2.7;6.2;29.8;14.1;17.0;0.665;26.0;84.0
Namibia;NAM;Revenu intermédiaire;Phase 3;Phase 2;Afrique;Afrique australe;-22.9623;17.2315;65.1;6.7;9770.0;0.986;6.9;6.5;7971.0;11667.0;37.7;38.1;39.0;55.7;2.3;46.7;21.2;3.6;8.0;17.0;32.8;45.4;63.0;13.3;17.3;3.7;5.4;44.2;59.3;31.4;54.2;25.5;49.6;32.0;98.4;21.7;0.543;;84.0
Guyana;GUY;Revenu intermédiaire;Phase 3;Phase 2;Amérique;Amérique du Sud;4.87628;-58.9469;66.5;8.4;6884.0;0.943;8.5;8.4;4346.0;9397.0;30.4;68.1;53.2;41.8;0.4;28.6;24.7;2.6;2.0;1.0;32.0;39.4;21.0;1.5;16.0;2.1;3.1;52.9;59.5;;;11.2;25.1;;100.0;20.7;0.567;18.0;91.0
Micronesia;FSM;Revenu intermédiaire;Phase 3;Phase 2;Océanie;Micronésie;6.87965;158.248;69.3;9.7;3291.0;;;;;;0.0;;;;0.2;22.4;21.5;3.3;2.0;9.0;28.6;34.7;16.0;;17.3;1.8;12.4;;;;;;;;;19.8;0.608;;
Tajikistan;TJK;Revenu intermédiaire;Phase 3;Phase 2;Asie;Asie centrale;38.8591;70.9305;69.6;10.4;2601.0;0.930;9.6;11.2;2100.0;3088.0;14.7;98.1;88.2;59.4;2.2;26.8;22.5;3.6;2.0;2.0;38.5;44.8;3.3;0.3;18.3;19.2;2.0;61.0;68.5;;;10.9;16.8;;80.2;23.2;0.586;10.0;140.0
Honduras;HND;Revenu intermédiaire;Phase 3;Phase 2;Amérique;Amérique centrale;14.516;-87.2233;73.3;6.2;4466.0;0.942;6.2;6.1;2680.0;6254.0;25.8;33.4;31.1;47.2;1.5;54.7;23.4;2.5;14.0;12.0;17.4;20.4;1.0;0.4;22.1;3.7;4.4;63.1;65.6;35.8;45.4;3.9;7.1;41.4;8.4;19.6;0.660;15.0;84.0
India;IND;Revenu intermédiaire;Phase 3;Phase 2;Asie;Asie du Sud;21.7849;80.2257;68.3;6.3;5663.0;0.819;4.8;8.2;2184.0;8897.0;12.2;35.3;61.4;26.8;1.3;32.7;26.6;2.5;10.0;17.0;37.9;47.7;17.0;;17.7;7.0;1.4;51.9;53.7;49.7;28.7;3.5;9.7;27.2;24.1;24.0;0.565;12.0;84.0
Bhutan;BTN;Revenu intermédiaire;Phase 3;Phase 2;Asie;Asie du Sud;27.5115;90.3029;69.9;3.1;7081.0;0.900;2.1;4.2;5657.0;8308.0;8.3;5.8;13.4;58.7;1.5;38.6;26.7;2.1;1.0;3.0;27.2;32.9;9.5;;20.2;2.6;2.6;64.7;66.4;56.3;32.7;2.6;9.2;;3.2;20.7;0.608;3.0;56.0
Timor-Leste;TLS;Revenu intermédiaire;Phase 3;Phase 2;Asie;Asie du Sud;-8.87347;125.767;68.5;4.4;5371.0;0.858;3.6;5.3;3124.0;7549.0;38.5;;;26.8;2.3;32.8;18.5;5.9;19.0;26.0;44.7;52.6;94.0;;16.9;0.7;1.3;39.3;41.3;50.6;39.8;5.0;15.7;;100.0;24.4;0.564;4.0;84.0
Vanuatu;VUT;Revenu intermédiaire;Phase 3;Phase 2;Océanie;Océan Pacifique;-17.6702;168.353;72.1;6.8;2805.0;;;;2139.0;3453.0;0.0;;;61.6;2.3;26.1;22.2;3.4;25.0;47.0;23.1;27.5;7.9;;18.0;1.2;4.5;68.0;71.0;;;4.3;8.8;;3.5;15.4;0.678;15.0;84.0
Congo;COG;Revenu intermédiaire;Phase 2;Phase 1;Afrique;Afrique centrale;-0.654843;16.0675;62.9;6.3;5503.0;0.932;5.5;6.7;4731.0;6274.0;11.5;45.0;50.0;67.1;2.6;65.4;18.7;5.0;5.0;20.0;33.2;45.0;46.0;;17.9;1.0;4.2;64.8;69.8;;;7.2;12.2;;22.1;31.1;0.455;23.0;105.0
Equatorial Guinea;GNQ;Revenu intermédiaire;Phase 2;Phase 1;Afrique;Afrique centrale;1.62224;10.4794;57.9;5.5;21517.0;;4.0;7.3;17462.0;25375.0;19.7;;;71.3;3.0;39.9;20.5;5.0;35.0;56.0;68.2;94.1;6.6;4.9;16.8;3.0;2.9;74.3;82.0;;;9.4;15.3;;;38.4;0.359;28.0;84.0
Kiribati;KIR;Revenu intermédiaire;Phase 2;Phase 1;Océanie;Océan Pacifique;1.87138;-157.38;66.2;7.8;2475.0;;;;;;8.7;;;;1.8;44.3;22.4;3.8;17.0;9.0;43.6;55.9;49.0;;16.8;3.8;8.3;;;22.1;61.8;;;;;26.1;0.526;;84.0
Lao People's Democratic Republic;LAO;Revenu intermédiaire;Phase 2;Phase 1;Asie;Asie du Sud-Est;18.2055;104.684;66.6;5.2;5049.0;0.924;4.5;5.6;4408.0;5696.0;25.0;30.4;42.8;77.7;1.7;38.6;21.9;3.1;6.0;13.0;50.7;66.7;55.0;;16.6;1.8;0.9;76.1;77.4;71.3;20.2;1.6;4.0;;5.6;26.2;0.529;10.0;105.0
Bangladesh;BGD;Revenu faible;Phase 2;Phase 1;Asie;Asie du Sud;23.6884;89.8548;72.0;5.2;3341.0;0.927;5.0;5.6;2379.0;4285.0;20.0;42.0;44.3;43.1;1.2;34.3;25.6;2.2;3.0;11.0;30.7;37.6;51.0;0.1;18.7;3.6;0.8;59.4;62.2;47.5;35.3;4.4;11.6;40.3;39.5;20.1;0.639;4.0;112.0
Ghana;GHA;Revenu faible;Phase 2;Phase 1;Afrique;Afrique de l'Ouest;7.97652;-1.06834;61.5;6.9;3839.0;0.899;5.8;7.9;3200.0;4484.0;10.9;51.8;68.5;75.5;2.4;54.0;20.6;4.2;1.0;8.0;42.8;61.6;36.0;1.6;15.6;1.0;2.1;72.1;77.0;44.7;40.9;6.3;12.2;;7.6;30.8;0.442;22.0;84.0
Zambia;ZMB;Revenu faible;Phase 2;Phase 1;Afrique;Afrique australe;-13.1255;25.4152;60.8;6.9;3464.0;0.924;6.4;7.4;2803.0;4126.0;12.7;52.3;48.9;69.8;3.1;40.9;16.9;5.5;4.0;15.0;43.3;64.0;32.0;12.9;17.7;1.7;2.8;67.3;75.3;52.2;38.3;10.7;19.7;28.3;7.7;33.8;0.416;41.0;84.0
São Tomé and Principe;STP;Revenu faible;Phase 2;Phase 1;Afrique;Afrique de l'Ouest;0.220364;6.60159;66.6;5.3;3070.0;0.907;4.7;5.9;2000.0;4149.0;18.2;30.8;44.8;45.3;2.2;65.1;18.5;4.7;2.0;8.0;34.6;47.3;7.3;;18.2;4.9;3.6;52.1;60.5;26.1;46.9;14.0;21.8;;41.8;26.9;0.524;26.0;90.0
Cambodia;KHM;Revenu faible;Phase 2;Phase 1;Asie;Asie du Sud-Est;12.5395;105.11;68.8;4.7;3095.0;0.892;3.7;5.5;2650.0;3563.0;19.0;13.2;26.1;75.5;1.6;20.7;23.9;2.7;1.0;6.0;24.6;28.7;58.0;0.6;17.1;1.7;1.3;80.5;80.9;54.1;29.6;0.5;0.8;7.8;5.0;19.7;0.603;19.0;90.0
Nepal;NPL;Revenu faible;Phase 2;Phase 1;Asie;Asie du Sud;28.3766;83.1031;70.0;4.1;2337.0;0.925;3.2;5.0;1979.0;2718.0;29.5;24.1;41.2;79.7;1.2;18.6;23.1;2.3;6.0;12.0;29.4;35.8;17.0;0.2;17.3;2.1;2.3;80.5;83.0;66.5;22.4;3.1;5.1;9.2;62.5;19.6;0.618;37.0;52.0
Myanmar;MMR;Revenu faible;Phase 2;Phase 1;Asie;Asie du Sud;19.2523;95.9132;66.1;4.7;4943.0;;4.9;4.9;4182.0;5740.0;13.0;27.1;20.0;75.1;0.8;34.1;27.9;2.3;10.0;14.0;39.5;50.0;53.0;0.8;16.7;6.1;1.0;74.3;78.0;;;4.7;12.1;;;26.0;0.525;;98.0
Kenya;KEN;Revenu faible;Phase 2;Phase 1;Afrique;Afrique de l'Est;0.207844;37.4713;62.2;6.3;2881.0;0.919;5.7;7.0;2357.0;3405.0;20.8;27.8;34.1;62.1;2.7;25.6;18.9;4.4;12.0;21.0;35.5;49.4;21.0;5.9;17.8;2.0;3.5;60.9;67.1;;;9.2;17.6;;7.9;32.1;0.440;26.0;90.0
Pakistan;PAK;Revenu faible;Phase 2;Phase 1;Asie;Asie du Sud;30.3838;70.0966;66.4;5.1;5031.0;0.742;3.7;6.5;1498.0;8376.0;20.0;26.5;46.1;24.3;2.1;38.8;22.5;3.7;21.0;37.0;65.8;81.1;26.0;0.1;17.8;8.3;0.9;51.0;53.9;43.5;34.0;5.4;10.7;;2.3;32.8;0.479;;84.0
Swaziland;SWZ;Revenu faible;Phase 2;Phase 1;Afrique;Afrique australe;-26.5413;31.448;48.9;6.8;7522.0;0.853;6.4;7.2;5078.0;10020.0;14.7;27.3;30.5;40.0;1.5;21.3;20.5;3.4;1.0;14.0;44.5;60.7;51.0;28.8;16.3;1.7;7.0;38.6;51.8;;;25.6;53.0;;86.0;35.0;0.289;7.0;14.0
Syrian Arab Republic;SYR;Revenu faible;Phase 2;Phase 1;Asie;Moyen-Orient;34.8587;38.5506;69.7;5.1;2441.0;0.851;4.6;5.6;835.0;4007.0;12.4;34.8;43.4;12.2;-2.3;57.7;20.8;3.0;35.0;46.0;11.1;12.9;0.1;;18.7;14.6;1.5;36.5;41.7;13.2;55.3;12.3;28.5;;16.7;14.5;0.653;4.0;120.0
Angola;AGO;Revenu faible;Phase 2;Phase 1;Afrique;Afrique australe;-11.9645;18.852;52.7;5.0;6291.0;;;;5073.0;7527.0;36.8;;;59.9;3.3;44.1;16.1;6.2;1.0;15.0;96.0;156.9;52.0;2.2;15.7;1.7;2.1;63.2;68.4;;;7.6;12.0;;14.5;46.2;0.271;24.0;90.0
Tanzania;TZA;Revenu faible;Phase 2;Phase 1;Afrique;Afrique de l'Est;-6.39271;34.2394;65.5;5.8;2467.0;0.937;5.4;6.2;2359.0;2576.0;36.0;10.1;15.3;74.0;3.2;31.6;17.3;5.2;1.0;1.0;35.2;48.7;58.0;4.7;18.5;0.3;2.6;76.0;78.6;66.9;26.6;3.2;6.3;31.8;3.2;25.0;0.525;29.0;84.0
Nigeria;NGA;Revenu faible;Phase 2;Phase 1;Afrique;Afrique de l'Ouest;9.06941;7.91932;53.1;6.0;5443.0;0.847;4.9;7.1;4132.0;6706.0;5.8;;;48.4;2.7;47.8;17.9;5.7;25.0;49.0;69.4;108.8;97.0;3.1;13.7;4.0;0.9;53.1;56.3;;;5.8;8.6;;;40.8;0.301;25.0;84.0
Cameroon;CMR;Revenu faible;Phase 2;Phase 1;Afrique;Afrique centrale;7.34544;13.5804;56.0;6.1;2894.0;0.853;4.6;7.4;2340.0;3448.0;27.1;31.7;37.9;71.0;2.5;54.4;18.5;4.8;7.0;20.0;57.1;87.9;31.0;4.5;16.5;0.8;0.9;72.5;76.0;;;4.6;7.0;10.8;12.5;39.4;0.335;47.0;98.0
Papua New Guinea;PNG;Revenu faible;Phase 2;Phase 1;Océanie;Océan Pacifique;-6.63639;144.358;62.8;4.3;2712.0;;3.7;5.3;2362.0;3047.0;2.7;8.8;14.7;69.6;2.1;13.0;21.2;3.8;13.0;35.0;44.5;57.3;40.0;0.8;14.9;0.6;3.5;68.1;70.3;;;3.1;6.7;;0.9;26.5;0.484;;0.0
Zimbabwe;ZWE;Revenu faible;Phase 2;Phase 1;Afrique;Afrique australe;-19.0093;29.3309;59.2;7.7;1588.0;0.927;7.3;8.2;1360.0;1822.0;35.1;51.9;64.7;77.8;2.2;32.4;18.9;4.0;2.0;8.0;46.6;70.7;15.0;14.7;17.5;0.8;2.5;74.7;82.4;65.8;25.0;9.3;15.4;;6.2;31.2;0.415;;98.0
Solomon Islands;SLB;Revenu faible;Phase 2;Phase 1;Océanie;Océan Pacifique;-9.60495;160.154;68.1;5.3;1561.0;;;;1061.0;2045.0;2.0;;;61.1;2.1;22.3;19.9;4.1;5.0;7.0;23.6;28.1;13.0;;16.9;2.2;4.6;43.9;67.4;;;34.8;51.5;;13.1;22.3;0.575;;84.0
Mauritania;MRT;Revenu faible;Phase 2;Phase 1;Afrique;Afrique de l'Ouest;20.9781;-11.4724;63.2;4.3;3527.0;0.818;3.3;5.4;1608.0;5422.0;22.2;11.1;23.5;29.1;2.5;59.9;19.8;4.7;12.0;16.0;65.1;84.7;22.0;0.6;16.5;0.7;1.9;32.5;47.2;;;31.1;47.3;;9.3;33.7;0.441;15.0;98.0
Madagascar;MDG;Revenu faible;Phase 2;Phase 1;Afrique;Afrique de l'Est;-18.7304;46.7264;65.5;6.1;1320.0;0.948;6.7;6.1;1091.0;1549.0;20.5;;;83.8;2.8;35.1;18.7;4.5;17.0;36.0;35.9;49.6;51.0;0.4;16.9;1.6;1.5;84.6;86.4;75.3;16.9;2.2;3.6;5.0;4.6;24.8;0.527;23.0;98.0
Rwanda;RWA;Revenu faible;Phase 2;Phase 1;Afrique;Afrique de l'Est;-1.97642;29.9799;64.7;3.8;1617.0;0.992;3.3;4.4;1428.0;1822.0;57.5;10.5;16.4;86.4;2.4;28.8;19.2;4.1;1.0;2.0;31.1;41.7;6.4;2.9;17.9;0.6;2.9;82.9;84.9;75.3;16.2;2.4;3.0;;4.7;29.8;0.483;29.0;84.0
Comoros;COM;Revenu faible;Phase 2;Phase 1;Afrique;Afrique de l'Est;-12.2104;44.4132;63.6;4.8;1335.0;0.817;3.7;5.6;715.0;1945.0;3.0;;;35.3;2.4;28.3;19.7;4.6;17.0;20.0;55.1;73.5;7.5;;16.2;1.5;2.2;46.2;57.4;;;19.6;37.7;;;30.9;0.463;22.0;98.0
Lesotho;LSO;Revenu faible;Phase 2;Phase 1;Afrique;Afrique australe;-29.6153;28.1644;50.1;6.1;3319.0;0.962;7.0;5.3;2631.0;4020.0;24.8;23.6;22.5;59.2;1.2;27.3;21.0;3.3;3.0;8.0;69.2;90.2;64.0;22.7;15.5;0.5;8.1;48.1;66.4;;;27.5;37.6;;100.0;33.5;0.308;23.0;84.0
Senegal;SEN;Revenu faible;Phase 2;Phase 1;Afrique;Afrique de l'Ouest;14.4924;-14.6587;66.9;2.8;2250.0;0.886;2.1;3.6;1706.0;2814.0;42.7;10.2;19.2;45.0;3.1;43.7;18.0;5.2;6.0;20.0;41.7;47.2;21.0;0.5;16.6;0.6;2.4;51.7;57.1;46.1;22.4;9.3;13.1;;23.5;25.0;0.541;15.0;98.0
Haiti;HTI;Revenu faible;Phase 2;Phase 1;Amérique;Caraïbes;18.9804;-72.2836;63.1;5.2;1657.0;;3.9;6.6;1370.0;1950.0;3.5;25.7;38.7;61.5;1.4;58.6;23.0;3.1;28.0;47.0;52.2;69.0;20.0;1.7;17.8;;1.6;61.7;66.3;;;6.9;17.4;;1.0;30.9;0.458;24.0;42.0
Uganda;UGA;Revenu faible;Phase 2;Phase 1;Afrique;Afrique de l'Est;1.33054;32.6722;59.2;5.7;1670.0;0.878;4.5;6.8;1266.0;2075.0;35.0;25.9;32.1;82.3;3.3;16.1;15.9;5.9;11.0;18.0;37.7;54.6;12.0;7.1;17.3;1.2;1.8;81.9;85.0;71.9;20.2;3.6;6.0;5.9;6.6;35.7;0.388;16.0;84.0
Sudan;SDN;Revenu faible;Phase 2;Phase 1;Afrique;Afrique de l'Est;15.4635;29.7732;63.7;3.5;3846.0;0.839;3.0;4.1;1902.0;5775.0;31.0;13.7;18.8;24.3;2.2;33.8;19.4;4.5;1.0;14.0;47.6;70.1;21.0;0.3;17.8;2.8;1.8;41.6;48.1;44.6;40.1;13.6;22.5;;4.6;31.8;0.459;25.0;56.0
Togo;TGO;Revenu faible;Phase 2;Phase 1;Afrique;Afrique de l'Ouest;8.66582;1.00758;60.2;4.7;1262.0;0.841;3.2;6.3;1116.0;1412.0;17.6;23.1;36.1;81.1;2.7;40.0;18.7;4.7;9.0;18.0;52.3;78.4;8.8;2.4;15.1;0.5;2.0;74.6;80.9;;;7.7;12.2;9.0;10.9;32.4;0.418;28.0;98.0
Benin;BEN;Revenu faible;Phase 2;Phase 1;Afrique;Afrique de l'Ouest;9.30495;2.28363;59.8;3.5;1979.0;0.858;2.8;4.3;1673.0;2287.0;7.2;15.8;30.8;70.0;2.7;44.0;18.6;4.9;16.0;37.0;64.2;99.5;9.8;1.1;15.6;0.6;2.3;70.9;71.7;45.1;44.0;1.1;2.3;20.0;9.7;37.0;0.385;15.0;98.0
Yemen;YEM;Revenu faible;Phase 2;Phase 1;Asie;Moyen-Orient;15.7848;47.485;64.1;3.0;2300.0;0.737;1.9;4.2;1045.0;3530.0;0.5;15.6;33.2;25.8;2.6;34.6;19.3;4.4;6.0;25.0;33.8;41.9;4.4;0.1;16.3;2.0;1.3;41.7;49.6;24.7;56.2;15.9;30.1;48.1;8.5;29.4;0.478;23.0;70.0
Afghanistan;AFG;Revenu faible;Phase 2;Phase 1;Asie;Asie du Sud;33.9328;65.181;60.7;3.6;1871.0;0.609;1.6;5.8;511.0;3148.0;27.4;8.8;35.4;19.1;3.0;26.7;17.5;5.1;18.0;34.0;66.3;91.1;44.0;0.1;15.7;2.7;2.9;47.5;52.5;;;9.6;19.9;;10.7;35.7;0.403;29.0;90.0
Malawi;MWI;Revenu faible;Phase 2;Phase 1;Afrique;Afrique australe;-13.2754;33.7376;63.9;4.4;1073.0;0.921;3.8;5.0;972.0;1175.0;16.7;14.9;24.2;81.2;3.1;16.3;17.2;5.3;3.0;15.0;43.4;64.0;17.0;9.1;18.8;0.2;6.0;75.5;81.0;64.1;28.5;6.7;8.9;16.7;4.1;32.7;0.454;39.0;56.0
Côte d'Ivoire;CIV;Revenu faible;Phase 2;Phase 1;Afrique;Afrique de l'Ouest;7.5407;-5.69909;51.9;5.0;3163.0;0.814;3.9;6.1;2136.0;4155.0;9.2;16.6;32.7;52.4;2.4;54.2;18.4;5.1;22.0;37.0;66.6;92.6;;3.2;14.1;1.4;1.7;60.6;67.0;;;9.5;13.7;;7.7;39.7;0.296;26.0;98.0
Djibouti;DJI;Revenu faible;Phase 2;Phase 1;Afrique;Afrique de l'Est;11.8155;42.4934;62.3;4.1;3216.0;;;;1981.0;4441.0;12.7;;;36.5;1.3;77.3;23.6;3.3;7.0;29.0;54.2;65.3;120.0;1.6;17.5;2.3;6.8;24.1;52.3;;;53.9;;;12.0;32.5;0.439;8.0;98.0
Gambia;GMB;Revenu faible;Phase 2;Phase 1;Afrique;Afrique de l'Ouest;13.4421;-14.3524;60.5;3.3;1541.0;0.878;2.6;4.2;1296.0;1790.0;9.4;25.3;39.1;72.2;3.2;59.6;16.8;5.8;2.0;4.0;47.9;68.9;18.0;1.8;15.2;0.4;5.0;54.0;77.3;31.5;54.6;30.1;44.4;;10.8;31.3;0.428;19.0;180.0
Ethiopia;ETH;Revenu faible;Phase 2;Phase 1;Afrique;Afrique de l'Est;9.17219;38.9442;64.6;2.6;1523.0;0.842;1.5;3.7;1161.0;1886.0;37.3;10.8;20.7;77.0;2.5;19.5;18.6;4.6;14.0;30.0;41.4;59.2;33.0;;17.8;0.2;2.9;78.4;83.0;72.7;19.9;5.5;7.6;1.1;9.0;30.3;0.478;27.0;90.0
Mali;MLI;Revenu faible;Phase 2;Phase 1;Afrique;Afrique de l'Ouest;17.9864;-0.775526;58.5;2.3;2218.0;0.786;1.7;3.0;1349.0;3071.0;8.8;7.3;16.2;50.1;3.0;39.9;16.2;6.4;20.0;20.0;74.5;114.7;11.0;1.3;15.2;0.8;1.6;60.6;66.2;;;8.5;10.7;13.5;5.7;40.4;0.353;21.0;98.0
Dem. Rep. Congo;COD;Revenu faible;Phase 2;Phase 1;Afrique;Afrique centrale;-4.04213;22.4323;59.1;6.1;680.0;0.832;4.0;8.1;599.0;761.0;8.2;14.5;35.0;70.5;3.2;42.5;16.9;6.2;19.0;23.0;74.5;98.3;69.0;0.8;16.6;1.1;1.6;68.4;71.1;;;3.8;6.2;;15.0;39.1;0.366;38.0;98.0
Liberia;LBR;Revenu faible;Phase 2;Phase 1;Afrique;Afrique de l'Ouest;6.46912;-9.69921;61.2;4.4;683.0;0.830;3.1;6.0;575.0;788.0;10.7;17.3;39.7;58.0;2.6;49.7;18.6;4.8;26.0;42.0;52.8;69.9;68.0;1.1;15.4;0.1;3.2;58.4;60.9;46.5;41.2;4.2;4.9;14.5;;33.1;0.424;21.0;90.0
Guinea-Bissau;GNB;Revenu faible;Phase 2;Phase 1;Afrique;Afrique de l'Ouest;11.7938;-14.3512;55.5;2.9;1369.0;;;;1139.0;1603.0;13.7;;;67.2;2.4;49.3;19.4;5.0;8.0;31.0;60.3;92.5;63.0;;15.0;0.5;1.1;67.2;72.7;;;7.6;12.4;;6.2;44.6;0.302;38.0;60.0
Eritrea;ERI;Revenu faible;Phase 2;Phase 1;Afrique;Afrique de l'Est;15.1892;38.0907;64.2;3.9;1490.0;;;;1286.0;1693.0;22.0;;;77.7;2.2;22.6;18.6;4.4;3.0;4.0;34.1;46.5;14.0;0.6;15.4;0.5;1.5;76.9;83.9;;;8.4;13.0;;;25.9;0.504;;60.0
Sierra Leone;SLE;Revenu faible;Phase 2;Phase 1;Afrique;Afrique de l'Ouest;8.45588;-11.888;51.3;3.3;1529.0;0.871;2.6;4.2;1354.0;1708.0;12.4;16.8;29.7;65.0;2.2;39.9;18.5;4.8;12.0;22.0;87.1;120.4;45.0;1.3;13.0;0.2;1.9;64.5;66.8;;;3.4;5.3;;0.9;43.4;0.273;37.0;84.0
Mozambique;MOZ;Revenu faible;Phase 2;Phase 1;Afrique;Afrique de l'Est;-18.6326;34.6755;55.5;3.5;1098.0;0.879;2.5;4.6;1016.0;1184.0;39.6;2.8;8.0;82.5;2.8;32.2;17.1;5.5;7.0;15.0;56.7;78.5;67.0;10.5;17.0;0.4;3.9;61.5;79.1;;;22.3;37.8;10.1;17.3;36.4;0.347;22.0;60.0
South Sudan;SSD;Revenu faible;Phase 2;Phase 1;Afrique;Afrique de l'Est;7.85784;29.1178;56.1;4.8;1882.0;;4.0;5.3;;;24.3;;;71.2;4.1;18.8;18.6;5.2;51.0;78.0;60.3;92.6;29.0;2.5;16.4;;1.1;;73.2;;;;;;;40.7;0.330;;56.0
Guinea;GIN;Revenu faible;Phase 1;Phase 1;Afrique;Afrique de l'Ouest;9.93115;-9.67642;59.2;2.6;1058.0;0.784;1.5;3.9;848.0;1267.0;21.9;;;79.5;2.7;37.2;18.5;5.1;40.0;48.0;61.0;93.7;29.0;1.6;15.0;1.0;2.7;80.9;82.3;74.8;19.3;1.8;1.2;;8.8;35.4;0.390;28.0;98.0
Burundi;BDI;Revenu faible;Phase 1;Phase 1;Afrique;Afrique de l'Est;-3.38269;29.916;57.1;3.0;691.0;0.919;2.6;3.6;632.0;752.0;37.8;7.1;9.6;84.6;3.3;12.1;17.6;6.1;2.0;6.0;54.1;81.7;23.0;1.0;16.4;0.3;4.0;82.4;83.7;;;1.5;2.9;;4.0;40.8;0.338;26.0;84.0
Burkina Faso;BFA;Revenu faible;Phase 2;Phase 1;Afrique;Afrique de l'Ouest;12.235;-1.2058;59.0;1.4;1537.0;0.874;1.0;2.0;1278.0;1800.0;9.4;6.0;11.5;76.6;2.9;29.9;17.0;5.6;5.0;12.0;60.9;88.6;9.1;0.8;15.1;0.5;2.6;81.1;83.5;;;2.9;4.7;;3.2;37.1;0.377;39.0;98.0
Chad;TCD;Revenu faible;Phase 1;Phase 1;Afrique;Afrique centrale;15.4431;18.5405;51.9;2.3;1991.0;0.765;1.2;3.4;1581.0;2400.0;14.9;1.7;9.9;64.0;3.3;22.5;16.0;6.3;40.0;46.0;85.0;138.7;23.0;2.0;15.7;0.4;2.0;67.6;71.6;;;5.6;8.3;;1.6;46.2;0.264;26.0;98.0
Niger;NER;Revenu faible;Phase 1;Phase 1;Afrique;Afrique de l'Ouest;18.0691;9.90298;61.9;1.7;889.0;0.732;1.1;2.3;481.0;1292.0;13.3;3.6;8.4;40.2;4.0;18.7;14.8;7.6;11.0;28.0;57.1;95.5;18.0;0.5;16.0;0.2;3.2;62.9;64.7;;;2.8;3.9;;6.1;35.3;0.417;31.0;98.0
Central African Republic;CAF;Revenu faible;Phase 1;Phase 1;Afrique;Afrique centrale;6.59964;20.624;51.5;4.2;587.0;0.776;2.8;5.7;482.0;696.0;12.5;12.3;29.8;71.7;2.0;40.0;20.0;4.4;31.0;51.0;91.5;130.1;48.0;3.7;15.8;0.5;2.1;72.1;78.0;;;7.6;12.3;;;45.7;0.263;29.0;98.0
;;;;;;;;;;;;;;;;;;;;;;;;;;;;;;;;;;;;;;;;;;;;;
;;;;;;;;;;;;;;;;;;;;;;;;;;;;;;;;;;;;;;;;;;;;;
;;;;;;;;;;;;;;;;;;;;;;;;;;;;;;;;;;;;;;;;;;;;;
;;;;;;;;;;;;;;;;;;;;;;;;;;;;;;;;;;;;;;;;;;;;;
;;;;;;;;;;;;;;;;;;;;;;;;;;;;;;;;;;;;;;;;;;;;;
;;;;;;;;;;;;;;;;;;;;;;;;;;;;;;;;;;;;;;;;;;;;;
